{"cameraMode":{"drawMode":0,"name":"Shaded","section":"Shading Mode"},"sceneLighting":true,"audioPlay":false,"sceneViewState":{"m_AlwaysRefresh":false,"showFog":true,"showSkybox":true,"showFlares":true,"showImageEffects":true,"showParticleSystems":true,"showVisualEffectGraphs":true,"m_FxEnabled":true},"in2DMode":false,"pivot":{"x":1.1110713481903077,"y":14.331035614013672,"z":-5.251258373260498},"rotation":{"x":-0.06923273205757141,"y":-0.024840539321303369,"z":0.0017238350119441748,"w":-0.9972952604293823},"size":5.01033878326416,"orthographic":false}